aaa_aaa_aaa_aaa_Bakoné-Standard_aaa_Uldon-Standard+_aaa_aaa_<color=#6b676b>Uldon</color>_Mi dispiace che abbiate dovuto assistere a questo increscioso scambio, Detective.
aaa_aaa_aaa_aaa_Bakoné-Standard_aaa_Uldon-Standard+_aaa_aaa__Ma lo sa come sono i giovani… Sempre sfrontati e senza rispetto, mai disposti ad ammettere le proprie colpe. Posso offrirle qualcosa?
aaa_aaa_aaa_aaa_Bakoné-Standard+_aaa_Uldon-Standard_aaa_aaa_<color=#34689c>Bakoné</color>_La ringrazio, sto bene così come sto.
aaa_aaa_aaa_aaa_aaa_aaa_aaa_aaa_aaa__<i><color=#34689c>[La residenza del Monaco era decisamente frugale, niente che facesse presagire una vita di vizi o eccessi. Tolto il necessario per vivere, non vidi nient'altro che memorabilia e santini della Dea.]</color></i>
aaa_aaa_aaa_aaa_aaa_aaa_aaa_aaa_aaa__<i><color=#34689c>[Mi aveva offerto un cuscino su cui sedermi, mentre era andato a preparare del té.]</color></i>
aaa_aaa_aaa_aaa_Bakoné-Standard+_aaa_aaa_aaa_aaa__Lei è stato l'ultimo ad aver visto il Cuscino, è corretto?
aaa_aaa_aaa_aaa_aaa_aaa_Uldon-Standard+_aaa_aaa_<color=#6b676b>Uldon</color>_Sì, esatto. Sono il monaco del Tempio della Dea del Sonno, prendermi cura del Cuscino della Dea fa parte dei miei compiti quotidiani.
aaa_aaa_aaa_aaa_Bakoné-Standard+_aaa_aaa_aaa_aaa_<color=#34689c>Bakoné</color>_Si ricorda quando l'ha visto l'ultima volta?
aaa_aaa_aaa_aaa_aaa_aaa_Uldon-Concerned+_aaa_aaa_<color=#6b676b>Uldon</color>_Oh… I-Immagino sia stato… Ieri pomeriggio, poco prima della chiusura del tempio?
aaa_aaa_aaa_aaa_aaa_aaa_Uldon-Concerned+_aaa_aaa__No, aspetti… Sarà stato quando ieri sera ho effettuato la pulizia giornaliera dell'altare!
aaa_aaa_aaa_aaa_Bakoné-Standard+_aaa_aaa_aaa_aaa_<color=#34689c>Bakoné</color>_Non ne è sicuro?
aaa_aaa_aaa_aaa_aaa_aaa_Uldon-Concerned+_aaa_aaa_<color=#6b676b>Uldon</color>_Beh Detective… C-Come posso dire…
aaa_aaa_aaa_aaa_aaa_aaa_aaa_aaa_aaa_<color=#34689c>Bakoné</color>_<i><color=#34689c>[Ricordo chiaramente come il così caparbio monaco, che fino a poco prima non aveva esitato ad aggredire una donna risoluta come Rhina, sembrava particolarmente alle strette dopo una domanda così semplice.]</color></i>
aaa_aaa_aaa_aaa_aaa_aaa_aaa_aaa_aaa__<i><color=#34689c>[Era tornato poco dopo, portando due tazze di té, deliberatamente ignorando la mia risposta alla sua domanda.]</color></i>
aaa_aaa_aaa_aaa_Bakoné-Standard_aaa_Uldon-Standard+_aaa_aaa_<color=#6b676b>Uldon</color>_Dev'essere lo stress, ecco! Un oggetto sacro per me e per centinaia di credenti è appena stato rubato. Penso sia normale non riuscire a ragionare perfettamente in un momento come questo.
aaa_aaa_aaa_aaa_Bakoné-Standard+_aaa_Uldon-Standard_aaa_aaa_<color=#34689c>Bakoné</color>_Certo… Cerchiamo di ragionare insieme, allora.
aaa_aaa_aaa_aaa_Bakoné-Standard+_aaa_Uldon-Standard_aaa_aaa__Mi conceda il racconto della sua giornata di ieri, dal momento in cui si è svegliato a quando ha chiuso gli occhi.
aaa_aaa_aaa_aaa_Bakoné-Drinking_aaa_Uldon-Standard+_aaa_aaa_<color=#6b676b>Uldon</color>_Vediamo… Mi sono svegliato presto, come sono solito fare ogni giorno. Dopo colazione mi sono preso del tempo per una rapida preghiera di fronte al Cuscino come ogni mattina, poi ho aperto il cancello del Tempio…
aaa_aaa_aaa_aaa_Bakoné-Drinking+_aaa_Uldon-Standard_aaa_aaa_<color=#34689c>Bakoné</color>_Non ricorda niente di anormale, fino a quel momento, presumo?
aaa_aaa_aaa_aaa_Bakoné-Drinking_aaa_Uldon-Standard+_aaa_aaa_<color=#6b676b>Uldon</color>_Niente di importante. Anche impegnandomi, non riuscirei a trovare qualcosa di diverso dal solito.
aaa_aaa_aaa_aaa_Bakoné-Standard+_aaa_Uldon-Standard_aaa_aaa_<color=#34689c>Bakoné</color>_Capisco… Proseguiamo, allora. Cos'è successo dopo?
aaa_aaa_aaa_aaa_Bakoné-Standard_aaa_Uldon-Standard+_aaa_aaa_<color=#6b676b>Uldon</color>_Di nuovo, nulla di strano: ho accolto i fedeli come ogni giorno, pregando con loro, raccogliendo le loro offerte e offrendo a mia volta cibo e bevande a coloro che le desideravano.
aaa_aaa_aaa_aaa_Bakoné-Standard+_aaa_Uldon-Standard_aaa_aaa_<color=#34689c>Bakoné</color>_E qualcuno di loro le sembrava… Particolarmente sospetto?
aaa_aaa_aaa_aaa_Bakoné-Standard_aaa_Uldon-Standard+_aaa_aaa_<color=#6b676b>Uldon</color>_Uhm n-no, non direi.
aaa_aaa_aaa_aaa_Bakoné-Standard+_aaa_Uldon-Standard_aaa_aaa_<color=#34689c>Bakoné</color>_Nessuna conversazione peculiare? Qualcuno che ha attirato la sua attenzione per un motivo o per un altro?
aaa_aaa_aaa_aaa_Bakoné-Drinking_aaa_Uldon-Standard+_aaa_aaa_<color=#6b676b>Uldon</color>_Le conversazioni peculiari non mancano di certo, specialmente con alcuni residenti della città… Ma niente di fuori dall'ordinario, anche qui.
aaa_aaa_aaa_aaa_Bakoné-Drinking+_aaa_Uldon-Standard_aaa_aaa_<color=#34689c>Bakoné</color>_Presumo che lo stesso valga anche per il resto della giornata.
aaa_aaa_aaa_aaa_Bakoné-Drinking_aaa_Uldon-Standard+_aaa_aaa_<color=#6b676b>Uldon</color>_Esatto. Alle 20 in punto ho salutato gli ultimi fedeli, poi ho cenato rapidamente prima di tornare fuori e dare una ripulita, come ogni giorno.
aaa_aaa_aaa_aaa_Bakoné-Standard+_aaa_Uldon-Standard_aaa_aaa_<color=#34689c>Bakoné</color>_Ed è allora, deduco, che ha visto il Cuscino per l'ultima volta?
aaa_aaa_aaa_aaa_Bakoné-Standard_aaa_Uldon-Standard+_aaa_aaa_<color=#6b676b>Uldon</color>_Esattamente.
aaa_aaa_aaa_aaa_Bakoné-Standard+_aaa_Uldon-Standard_aaa_aaa_<color=#34689c>Bakoné</color>_È possibile che qualcuno si sia introdotto qui di nascosto durante la notte? Mentre lei dormiva, magari?
aaa_aaa_aaa_aaa_Bakoné-Standard_aaa_Uldon-Standard+_aaa_aaa_<color=#6b676b>Uldon</color>_Non vedo come, Detective. Ci troviamo in cima a una collina, ma tutto attorno al tempio c'è un precipizio. E anche se qualcuno riuscisse a risalirlo, l'intero Tempio è circondato da mura piuttosto alte.
aaa_aaa_aaa_aaa_Bakoné-Standard+_aaa_Uldon-Standard_aaa_aaa_<color=#34689c>Bakoné</color>_<i><color=#34689c>[Uldon aveva ragione. Le mura sembravano essere difficili da superare, persino per me.]</color></i>
aaa_aaa_aaa_aaa_Bakoné-Drinking+_aaa_Uldon-Standard_aaa_aaa__Parliamo invece di lei, ci sono persone con cui ha rapporti… Diciamo, non troppo gioviali?
aaa_aaa_aaa_aaa_Bakoné-Drinking_aaa_Uldon-Standard+_aaa_aaa_<color=#6b676b>Uldon</color>_Oh Detective, guardi, qui tutti se la prendono con me. Però se mi sta chiedendo se credo che qualcuno di loro abbia rubato il Cuscino della Dea… No, mi sembra impossibile.
aaa_aaa_aaa_aaa_Bakoné-Standard+_aaa_Uldon-Standard_aaa_aaa_<color=#34689c>Bakoné</color>_Ebbene, quale sarebbe il motivo?
aaa_aaa_aaa_aaa_Bakoné-Standard_aaa_Uldon-Standard+_aaa_aaa_<color=#6b676b>Uldon</color>_Vede, più passa il tempo e più le persone si allontanano dai dettami della Dea… Il numero di fedeli diminuisce giorno dopo giorno. Queste persone non sono credenti, non hanno motivo di rubare il Cuscino!
aaa_aaa_aaa_aaa_Bakoné-Standard_aaa_Uldon-Standard+_aaa_aaa__Posso capire che un uomo di fede voglia rubare la nostra reliquia per averlo tutto per sé, o un malavitoso che vuole venderlo sul mercato nero… Oh, Santa Dea, tremo solo a pensarci.
aaa_aaa_aaa_aaa_Bakoné-Standard_aaa_Uldon-Standard+_aaa_aaa__a rubarlo solo per fare un dispetto a me… Mi sembra impossibile, sono persone che non farebbero mai una sciocchezza del genere.
aaa_aaa_aaa_aaa_Bakoné-Standard+_aaa_Uldon-Standard_aaa_aaa_<color=#34689c>Bakoné</color>_Non mi sta dando molto con cui lavorare, mio caro monaco…
aaa_aaa_aaa_aaa_Bakoné-Standard_aaa_Uldon-Standard+_aaa_aaa_<color=#6b676b>Uldon</color>_Non so cosa dirle, Detective! Più ci penso, più mi sembra impossibile che qualcuno possa averlo rubato da qui dentro.
aaa_aaa_aaa_aaa_Bakoné-Standard_aaa_Uldon-Standard+_aaa_aaa__La Dea vede e provvede. È stata lei stessa a riprendersi il suo Cuscino, glielo dico io!
aaa_aaa_aaa_aaa_Bakoné-Standard+_aaa_Uldon-Standard_aaa_aaa_<color=#34689c>Bakoné</color>_Spero vivamente che si sbagli, sarebbe complesso da spiegare al mio capo.
aaa_aaa_aaa_aaa_Bakoné-Standard+_aaa_Uldon-Standard_aaa_aaa__Le dispiace se do un'occhiata al giardino? Vorrei familiarizzare con la scena del crimine.
aaa_aaa_aaa_aaa_Bakoné-Standard_aaa_Uldon-Standard+_aaa_aaa_<color=#6b676b>Uldon</color>_Certo, faccia pure. Questa mattina, dopo aver saputo dell'accaduto, Rhina ha dato ordine di non far entrare nessuno. Dovrebbe essere tutto come nel momento in cui il nostro Cuscino è stato rubato.