 _ _ _ _ _ _ _ _<i><color=blue>[Una grande folla si era radunata attorno al cancello d'ingresso del tempio, sulla cima della collina.]</color></i>
Crowd-SFX_ _ _ _ _ _Crowd_Voce dalla Folla_Dicono sia stato rubato...
 _ _ _ _ _ _Crowd_Voce dalla Folla_Sul serio? Non posso crederci… Chi farebbe mai una cosa del genere?
 _ _ _ _ _ _Crowd_Voce dalla Folla_Chi può essere così stolto? La Dea lo maledirà
 _ _Lynn-Concerned_ _Gaston-Standard+_ _Crowd_???_Incredibile… Sai cos'è, questa?
 _ _Lynn-Concerned+_ _Gaston-Standard_ _Crowd_???_Oh Dea… È una tragedia…
 _ _Lynn-Concerned_ _Gaston-Standard+_ _Crowd_???_No… È un'opportunità!
 _ _ _ __ _Crowd_ _<i><color=blue>[C'era un gran baccano, era chiaro come la gente del posto fosse particolarmente sconvolta dall'accaduto. Alcuni più di altri.]</color></i>
 _ _Kerith-Concerned_ _Uldon-Desperate+_ _Crowd_???_È scomparso, Kerith! Sparito nel nulla! Oh, che la Dea abbia pietà di me, per l'amor del cielo…
 _ _Kerith-Concerned+_ _Uldon-Desperate_ _Crowd_???_Calmati, Uldon… Ecco, stringi questo, ti aiuterà a rilassare i nervi…
 _ _Kerith-Concerned_ _Uldon-Desperate+_ _Crowd_???_Quindici generazioni… Quindici generazioni di monaci, mio padre, il padre di mio padre e suo padre ancora prima di lui… Come farò ora Kerith? Come?!
 _ _Kerith-Concerned+_ _Uldon-Desperate_ _Crowd_???_Lo ritroveremo Uldon, non preoccuparti…
 _Bakoné-Standard_ _Eleanor-Concerned_ _Rhina-Standard+_ _Rhina_Detective, le presento Uldon e Kerith. Uldon è il monaco che si occupava del Cuscino della Dea prima della sua scomparsa, vive qui al Tempio ed è stato il primo a notare la sua assenza.
 _Bakoné-Standard_ _Eleanor-Concerned_ _Rhina-Standard+_ _Rhina_Kerith è il nostro medico di fiducia. È un caro amico, stava aiutando Uldon con i suoi… Malori.
 _Eleanor-Concerned_ _Rhina-Standard_ _Bakoné-Standard+_ _Bakoné_Signori. Avrei preferito incontrarvi in circostanze più fortunate, ma è un piacere fare la vostra conoscenza. Detective Bakoné, per servirvi.
 _Bakoné-Standard_ _Kerith-Standard+_ _Uldon-Desperate_ _Kerith_Buongiorno, Detective… Sono Kerith, se ha biso–
 _Bakoné-Standard_ _Uldon-Desperate+_ _Kerith-Standard_ _Uldon_Detective! Mi dica che l'ha ritrovato, la prego!
 _Eleanor-Concerned_ _Rhina-Standard+_ _Uldon-Desperate_ _Rhina_Calma, Uldon. Il Detective è appena arrivato, se fossero bastati pochi minuti a ritrovare il Cuscino ci avremmo pensato noi stamattina, non credi?
 _Eleanor-Concerned_ _Rhina-Surprised_ _Uldon-Angry+_ _Uldon_Silenzio, Rhina! Non mi aspetto che tu capisca quanto disperata sia la situazione. Non ti rendi conto di come mi sento in questo momento? La mia intera vita dipende dal Sacro Cuscino!
 _Eleanor-Concerned_ _Rhina-Angry+_ _Uldon-Angry_ _Rhina_…
 _Eleanor-Concerned_ _Rhina-Smiling+_ _Uldon-Angry_ _Rhina_Eleanor, tesoro, posso chiederti di andare a recuperare un bicchiere d'acqua? La mamma ha un po' sete, fatti accompagnare dallo zio Ker, per favore.
 _ _Kerith-Smiling+_ _Eleanor-Concerned_ _ _Kerith_Vieni, Eleanor. Vediamo se riusciamo a trovare anche una caramellina per te, okay? Non dirlo alla mamma, però!
 _Rhina-Smiling+_ _Bakoné-Standard_ _Uldon-Angry_ _Rhina_Fate attenzione, voi due!
 _Bakoné-Standard_ _Rhina-Angry+_ _Uldon-Angry_ _Rhina_Uldon, che tu lo capisca o no questa situazione non giova neanche a me. Sto facendo del mio meglio per risolvere la questione il prima possibile, e continuerò a farlo.
 _Bakoné-Standard_ _Rhina-Angry+_ _Uldon-Angry_ _Rhina_Non mi interessa cosa pensi di me come Sindaca o come persona, ma non osare MAI PIÙ mancarmi di rispetto davanti a mia figlia.
 _Bakoné-Standard_ _Rhina-Angry_ _Uldon-Standard+_ _Uldon_…
 _Bakoné-Standard_ _Rhina-Standard_ _Uldon-Standard+_ _Uldon_Non cambi mai, Rhina.
 _Bakoné-Standard_ _Rhina-Standard_ _Uldon-Standard+_ _Uldon_Gli anni passano, ma tu rimani sempre la stessa ragazzina aggressiva e violenta.
