aaa_aaa_aaa_aaa_aaa_aaa_aaa_aaa_aaa_<color=#34689c>Bakoné</color>_<i><color=#34689c>[La taverna era un luogo dalle fondamenta antiche, ancora riconoscibili nonostante i recenti rinnovamenti estetici.]</color></i>
aaa_aaa_aaa_aaa_aaa_aaa_aaa_aaa_aaa__<i><color=#34689c>[Mi era stato indicato come luogo in cui avrei passato le mie notti in attesa della conclusione del caso – nonché l'unica locanda della città.]</color></i>
aaa_aaa_aaa_aaa_Lynn-Concerned+_aaa_Bakoné-Standard_aaa_aaa_<color=#e8dd10>Lynn</color>_Lei è il Detective Bakoné, giusto?
aaa_aaa_aaa_aaa_Lynn-Concerned_aaa_Bakoné-Standard+_aaa_aaa_<color=#34689c>Bakoné</color>_Sono davvero così facile da riconoscere?
aaa_aaa_aaa_aaa_Lynn-Concerned+_aaa_Bakoné-Standard_aaa_aaa_<color=#e8dd10>Lynn</color>_L'ho vista questa mattina al Tempio, in compagnia di Rhina… Non hanno fatto passare nessun altro oltre a lei, e mi era stato detto di aspettarla questa sera.
aaa_aaa_aaa_aaa_Lynn-Concerned+_aaa_Bakoné-Standard_aaa_aaa__Piacere di conoscerla, Detective. Sono Lynn, la proprietaria della locanda di Sleeper's Burrow.
aaa_aaa_aaa_aaa_Lynn-Concerned_aaa_Bakoné-Pensive+_aaa_aaa_<color=#34689c>Bakoné</color>_Il piacere è tutto mio, Lynn. Detective Bakoné, al suo servizio.
aaa_aaa_aaa_aaa_Lynn-Concerned_aaa_Bakoné-Pensive+_aaa_aaa__In effetti non ho visto altri ospiti qui intorno, mi sembra di capire che non avrò molta compagnia, almeno per oggi.
aaa_aaa_aaa_aaa_Lynn-Concerned_aaa_Bakoné-Surprised_aaa_aaa_<color=#e8dd10>Lynn</color>_Temo che la sua unica compagnia sarò io. La maggior parte degli altri ospiti hanno deciso di annullare le loro prenotazioni, una volta scoperto il furto…
aaa_aaa_aaa_aaa_Lynn-Concerned_aaa_Bakoné-Standard_aaa_aaa__Mi dica Detective, com'è la situazione? C'è qualche speranza di ritrovare il Cuscino della Dea?
aaa_aaa_aaa_aaa_Lynn-Concerned_aaa_Bakoné-Smiling_aaa_aaa_<color=#34689c>Bakoné</color>_Non si preoccupi, mia cara. Se può essere recuperato, mi assicurerò di ritrovarlo in men che non si dica.
aaa_aaa_aaa_aaa_Lynn-Relieved_aaa_Bakoné-Smiling+_aaa_aaa__Mi assicurerò che la sua graziosa taverna possa tornare in affari quanto prima!
aaa_aaa_aaa_aaa_Lynn-Relieved_aaa_Bakoné-Smiling_aaa_aaa_<color=#e8dd10>Lynn</color>_La ringrazio Detective! Ma mi creda, per quanto ci tenga alla mia attività sono più preoccupata per la nostra reliquia sacra.
aaa_aaa_aaa_aaa_Lynn-Standard_aaa_Bakoné-Surprised+_aaa_aaa_<color=#34689c>Bakoné</color>_È addirittura più preoccupata per il Cuscino che per la sua taverna?
aaa_aaa_aaa_aaa_Lynn-Standard+_aaa_Bakoné-Standard_aaa_aaa_<color=#e8dd10>Lynn</color>_Non fraintenda, Detective. Questa taverna è la cosa a cui più tengo al mondo.
aaa_aaa_aaa_aaa_Lynn-Standard+_aaa_Bakoné-Standard_aaa_aaa__Ma il Cuscino della Dea è sacro. Non solo fa parte della nostra cultura da sempre, ma è l'unica reliquia che Lei ci ha lasciato!
aaa_aaa_aaa_aaa_Lynn-Standard+_aaa_Bakoné-Surprised_aaa_aaa__Lei non è un credente, vero signor Bakoné?
aaa_aaa_aaa_aaa_Lynn-Standard_aaa_Bakoné-Surprised+_aaa_aaa_<color=#34689c>Bakoné</color>_No, non posso dire di essere particolarmente avvezzo alla fede.
aaa_aaa_aaa_aaa_Lynn-Smiling+_aaa_Bakoné-Surprised_aaa_aaa_<color=#e8dd10>Lynn</color>_Si vede!
aaa_aaa_aaa_aaa_Lynn-Smiling+_aaa_Bakoné-Surprised_aaa_aaa__Non se la prenda, ma solo se avesse affidato la sua intera vita a una divinità potrebbe capire cosa vuol dire per noi perdere il nostro amato cuscino.
aaa_aaa_aaa_aaa_Lynn-Smiling_aaa_Bakoné-Smiling+_aaa_aaa_<color=#34689c>Bakoné</color>_Sa cosa, signora Lynn? Penso proprio che lei abbia ragione
aaa_aaa_aaa_aaa_Lynn-Smiling+_aaa_Bakoné-Surprised_aaa_aaa_<color=#e8dd10>Lynn</color>_La ringrazio, Detective! Anche se, nonostante la mia età, devo ammettere di essere ancora nubile! <i>"Signorina"</i> andrà benissimo.