 _ _ _ _ _ _ _ _<i><color=blue>[La taverna era un luogo dalle fondamenta antiche, palesemente riconoscibili nonostante le recenti rinnovamenti estetici.]</color></i>
 _ _ _ _ _ _ _ _<i><color=blue>[Mi era stato indicato come luogo in cui avrei passato le mie notti in attesa della conclusione del caso. Nonché unico luogo di pernottamento per gli ospiti della città.]</color></i>
 _ _Lynn-Concerned+_ _Bakoné-Standard_ _ _Lynn_Lei è il Detective Bakoné, giusto?
 _ _Lynn-Concerned_ _Bakoné-Standard+_ _ _Bakoné_Sono davvero così facile da riconoscere?
 _ _Lynn-Concerned+_ _Bakoné-Standard_ _ _Lynn_L'ho vista questa mattina al Tempio, in compagnia di Rhina… Non hanno fatto passare nessun altro oltre a lei, e mi era stato detto di aspettarla questa sera.
 _ _Lynn-Concerned+_ _Bakoné-Standard_ _ _Lynn_Piacere di conoscerla, Detective. Sono Lynn, la proprietaria della locanda di Sleeper's Burrow.
 _ _Lynn-Concerned_ _Bakoné-Standard_ _ _Bakoné_Il piacere è mio, Lynn. Detective Bakoné, al suo servizio.
 _ _Lynn-Concerned_ _Bakoné-Pensive+_ _ _Bakoné_In effetti non ho visto altri ospiti qui intorno, mi sembra di capire che non avrò molta compagnia, almeno per oggi.
 _ _Lynn-Concerned_ _Bakoné-Surprised_ _ _Lynn_Temo che la sua unica compagnia sarò io. Tutti gli altri ospiti hanno deciso di andarsene una volta scoperto del furto...
 _ _Lynn-Concerned_ _Bakoné-Standard_ _ _Lynn_Mi dica Detective, com'è la situazione? C'è qualche speranza di ritrovare il Cuscino della Dea?
 _ _Lynn-Concerned_ _Bakoné-Smiling_ _ _Bakoné_Non si preoccupi, mia cara. Se può essere recuperato, mi assicurerò di ritrovarlo in men che non si dica.
 _ _Lynn-Relieved_ _Bakoné-Smiling+_ _ _Bakoné_Mi assicurerò che la sua taverna possa tornare in affari quanto prima!
 _ _Lynn-Relieved_ _Bakoné-Smiling_ _ _Lynn_La ringrazio Detective! Ma mi creda, per quanto ci tenga alla mia attività sono più preoccupata per la nostra reliquia sacra.
 _ _Lynn-Standard_ _Bakoné-Surprised+_ _ _Bakoné_È addirittura più preoccupata per il Cuscino che per la sua taverna?
 _ _Lynn-Standard+_ _Bakoné-Standard_ _ _Lynn_Non fraintenda, Detective. Questa taverna è la cosa a cui più tengo al mondo.
 _ _Lynn-Standard+_ _Bakoné-Standard_ _ _Lynn_Ma il Cuscino della Dea è sacro. Non solo fa parte della nostra cultura da sempre, ma è l'unica reliquia che la Dea ci ha lasciato!
 _ _Lynn-Standard+_ _Bakoné-Surprised_ _ _Lynn_Lei non è un credente, vero signor Bakoné?
 _ _Lynn-Standard_ _Bakoné-Surprised+_ _ _Bakoné_No, non posso dire di essere particolarmente avvezzo alla fede.
 _ _Lynn-Smiling+_ _Bakoné-Surprised_ _ _Lynn_Si vede!
 _ _Lynn-Smiling+_ _Bakoné-Surprised_ _ _Lynn_Non se la prenda, ma solo se avesse affidato la sua intera vita a una divinità potrebbe capire cosa vuol dire per noi perdere il nostro amato cuscino.
 _ _Lynn-Smiling_ _Bakoné-Smiling+_ _ _Bakoné_Sa cosa, signora Lynn? Penso proprio lei abbia ragione.
" _ _Lynn-Smiling+_ _Bakoné-Surprised_ _ _Lynn_La ringrazio, Detective! Anche se, nonostante la mia età, devo ammettere di essere ancora nubile! ""Signorina"" andrà benissimo."
