aaa_aaa__aaa_aaa_aaa_Crowd_<color=#34689c>Bakoné</color>_<i><color=#34689c>[C'era un gran baccano, era chiaro come la gente del posto fosse particolarmente sconvolta dall'accaduto. Alcuni più di altri.]</color></i>
aaa_aaa_Kerith-Concerned_aaa_Uldon-Desperate+_aaa_Crowd_???_È scomparso, Kerith! Sparito nel nulla! Oh, che la Dea abbia pietà di me, per l'amor del cielo…
aaa_aaa_Kerith-Concerned+_aaa_Uldon-Desperate_aaa_Crowd_???_Calmati, Uldon… Ecco, stringi questo, ti aiuterà a rilassare i nervi…
aaa_aaa_Kerith-Concerned_aaa_Uldon-Desperate+_aaa_Crowd_???_Quindici generazioni… Quindici generazioni di monaci! Mio padre, il padre di mio padre e suo padre ancora prima di lui… Come farò ora Kerith? Come?!
aaa_aaa_Kerith-Concerned+_aaa_Uldon-Desperate_aaa_Crowd_???_Lo ritroveremo, Uldon. Non preoccuparti…
aaa_Bakoné-Standard_aaa_Eleanor-Concerned_aaa_Rhina-Standard+_aaa_<color=#c71a0e>Rhina</color>_Detective, le presento Uldon e Kerith. Uldon è il monaco che si occupava del Cuscino della Dea prima della sua scomparsa; vive qui al Tempio ed è stato il primo a notare la sua assenza.
aaa_Bakoné-Standard_aaa_Eleanor-Concerned_aaa_Rhina-Standard+_aaa_<color=#c71a0e>Rhina</color>_Kerith è il nostro medico di fiducia. È un caro amico, stava aiutando Uldon con i suoi… Malori.
aaa_Eleanor-Concerned_aaa_Rhina-Standard_aaa_Bakoné-Standard+_aaa_<color=#34689c>Bakoné</color>_Signori. Avrei preferito incontrarvi in circostanze più fortunate, ma è un piacere fare la vostra conoscenza. Detective Bakoné, per servirvi.
aaa_Bakoné-Standard_aaa_Kerith-Standard+_aaa_Uldon-Desperate_aaa_<color=#27d690>Kerith</color>_Buongiorno, Detective… Sono Kerith, se ha biso–
aaa_Bakoné-Standard_aaa_Uldon-Desperate+_aaa_Kerith-Standard_aaa_<color=#6b676b>Uldon</color>_<b>Detective!</b> Mi dica che l'ha ritrovato, la prego!
aaa_Eleanor-Concerned_aaa_Rhina-Standard+_aaa_Uldon-Desperate_aaa_<color=#c71a0e>Rhina</color>_Calma, Uldon. Il Detective è appena arrivato. Se bastassero pochi minuti a ritrovare il Cuscino ci avremmo pensato noi stamattina, non credi?
aaa_Eleanor-Concerned_aaa_Rhina-Surprised_aaa_Uldon-Angry+_aaa_<color=#6b676b>Uldon</color>_Silenzio, Rhina! Non mi aspetto che tu capisca quanto disperata sia la situazione. Non ti rendi conto di come mi sento in questo momento? La mia intera vita dipende dal Sacro Cuscino!
aaa_Eleanor-Concerned_aaa_Rhina-Angry+_aaa_Uldon-Angry_aaa_<color=#c71a0e>Rhina</color>_…
aaa_Eleanor-Concerned_aaa_Rhina-Smiling+_aaa_Uldon-Angry_aaa_<color=#c71a0e>Rhina</color>_Eleanor, tesoro, posso chiederti di andare a recuperare un bicchiere d'acqua? La mamma ha un po' sete, fatti accompagnare dallo zio Ker, per favore.
aaa_aaa_aaa_aaa_Eleanor-Concerned_aaa_aaa_<color=#27d690>Kerith</color>_Vieni, Eleanor. Vediamo se riusciamo a trovare anche una caramellina per te, okay? Non dirlo alla mamma, però!
aaa_Rhina-Smiling+_aaa_Bakoné-Standard_aaa_Uldon-Angry_aaa_<color=#c71a0e>Rhina</color>_Fate attenzione, voi due!
aaa_Bakoné-Standard_aaa_Rhina-Angry+_aaa_Uldon-Angry_aaa_<color=#c71a0e>Rhina</color>_Uldon, che tu lo capisca o no questa situazione non giova neanche a me. Sto facendo tutto ciò che è in mio potere per risolvere la questione il prima possibile, e continuerò a farlo.
aaa_Bakoné-Standard_aaa_Rhina-Angry+_aaa_Uldon-Angry_aaa_<color=#c71a0e>Rhina</color>_Non mi interessa cosa pensi di me come Sindaca o come persona, ma non osare MAI PIÙ mancarmi di rispetto davanti a mia figlia.
aaa_Bakoné-Standard_aaa_Rhina-Angry_aaa_Uldon-Standard+_aaa_<color=#6b676b>Uldon</color>_…
aaa_Bakoné-Standard_aaa_Rhina-Standard_aaa_Uldon-Standard+_aaa_<color=#6b676b>Uldon</color>_Non cambi mai, Rhina.
aaa_Bakoné-Standard_aaa_Rhina-Standard_aaa_Uldon-Standard+_aaa_<color=#6b676b>Uldon</color>_Gli anni passano, ma tu rimani sempre la stessa ragazzina aggressiva e irrispettosa.