 _ _Bakoné-Standard_ _Uldon-Standard+_ _ _Uldon_Mi dispiace che abbiate dovuto assistere a questo increscioso scambio, Detective.
 _ _Bakoné-Standard_ _Uldon-Standard+_ _ _Uldon_Ma lo sa come sono i giovani… Sempre sfrontati e senza rispetto, mai disposti ad ammettere le proprie colpe. Posso offrirle qualcosa?
 _ _ _ _Uldon-Standard_ _ _Bakoné_La ringrazio, sono apposto così.
 _ _ _ _ _ _ _ _<i><color=blue>[La casa del Monaco era decisamente frugale, niente che facesse presagire una vita di vizi o eccessi. Tolto il necessario per vivere, non vidi nient'altro che memorabilia e santini della Dea.]</color></i>
 _ _ _ _ _ _ _ _<i><color=blue>[Mi aveva offerto un cuscino su cui sedermi, mentre era andato a preprarare del té.]</color></i>
 _ _Bakoné-Standard+_ _ _ _ _Bakoné_Lei è stato l'ultimo ad aver visto il Cuscino, corretto?
 _ _ _ _Uldon-Standard+_ _ _Uldon_Sì, esatto. Sono il monaco del Tempio della Dea del Sonno, prendermi cura del Cuscino della Dea fa parte dei miei compiti quotidiani.
 _ _Bakoné-Standard+_ _ _ _ _Bakoné_Si ricorda quando lo ha visto l'ultima volta?
 _ _ _ _Uldon-Concerned+_ _ _Uldon_Oh… Immagino sia stato... Ieri pomeriggio, poco prima della chiusura del tempio?
 _ _ _ _Uldon-Concerned+_ _ _Uldon_No, aspetti… Sarà stato quando ieri sera ho effettuato la pulizia giornaliera dell'altare!
 _ _Bakoné-Standard+_ _ _ _ _Bakoné_Non ne è sicuro?
 _ _ _ _Uldon-Concerned+_ _ _Uldon_Beh Detective… Come posso dire…
 _ _ _ _ _ _ _ _<i><color=blue>[Ricordo chiaramente come il così caparbio monaco, che fino a poco prima non aveva esitato ad aggredire una donna tosta come Rhina, sembrava particolarmente alle strette dopo una domanda così semplice.]</color></i>
 _ _ _ _ _ _ _ _<i><color=blue>[Era tornato da me poco dopo, portando una tazza di té per sé e un'altra per me, deliberatamente ignorando la mia risposta alla sua domanda]</color></i>
 _ _Bakoné-Standard_ _Uldon-Standard+_ _ _Uldon_Dev'essere lo stress, ecco! Un oggetto sacro per me e per centinaia di credenti è appena stato rubato, penso sia normale non riuscire a ragionare perfettamente in un momento come questo.
 _ _Bakoné-Standard+_ _Uldon-Standard_ _ _Bakoné_Certo… Cerchiamo di ragionare insieme, allora.
 _ _Bakoné-Standard+_ _Uldon-Standard_ _ _Bakoné_Mi racconti tutta la giornata di ieri, dal momento in cui si è svegliato a quando è andato a dormire.
 _ _Bakoné-Drinking_ _Uldon-Standard+_ _ _Uldon_Vediamo… Mi sono svegliato presto, come sono solito fare ogni giorno. Dopo colazione mi sono preso del tempo per una rapida preghiera di fronte al Cuscino come ogni mattina, poi ho aperto il cancello del Tempio…
 _ _Bakoné-Drinking+_ _Uldon-Standard_ _ _Bakoné_Ricorda niente di anormale, fino a quel momento?
 _ _Bakoné-Drinking_ _Uldon-Standard+_ _ _Uldon_Nulla di nota. Anche impegnandomi, non riuscirei a trovare qualcosa di diverso dal solito.
 _ _Bakoné-Standard+_ _Uldon-Standard_ _ _Bakoné_Capisco… Proseguiamo, allora. Cos'è successo dopo?
 _ _Bakoné-Standard_ _Uldon-Standard+_ _ _Uldon_Di nuovo, nulla di strano: ho accolto i fedeli come ogni giorno, pregando con loro, raccogliendo le loro offerte e offrendo a mia volta cibo e bevande a coloro che le desideravano.
 _ _Bakoné-Standard+_ _Uldon-Standard_ _ _Bakoné_Qualcuno di loro le sembrava sospetto?
 _ _Bakoné-Standard_ _Uldon-Standard+_ _ _Uldon_No, non direi.
 _ _Bakoné-Standard+_ _Uldon-Standard_ _ _Bakoné_Nessuna conversazione peculiare? Qualcuno che ha attirato la sua attenzione per un motivo o per un altro?
 _ _Bakoné-Drinking_ _Uldon-Standard+_ _ _Uldon_Le conversazioni peculiari non mancano di certo, specialmente con alcuni residenti della città… Ma niente di fuori dall'ordinario, anche qui.
 _ _Bakoné-Drinking+_ _Uldon-Standard_ _ _Bakoné_Presumo che lo stesso valga anche per il resto della giornata.
 _ _Bakoné-Drinking_ _Uldon-Standard+_ _ _Uldon_Esatto. Alle 20 in punto ho salutato gli ultimi fedeli, poi ho cenato rapidamente prima di tornare fuori e dare una ripulita, come ogni giorno.
 _ _Bakoné-Standard+_ _Uldon-Standard_ _ _Bakoné_Ed è allora che ha visto il Cuscino per l'ultima volta?
 _ _Bakoné-Standard_ _Uldon-Standard+_ _ _Uldon_Precisamente.
 _ _Bakoné-Standard+_ _Uldon-Standard_ _ _Bakoné_È possibile che qualcuno si sia introdotto qui di nascosto durante la notte? Mentre lei dormiva, magari.
 _ _Bakoné-Standard_ _Uldon-Standard+_ _ _Uldon_Non vedo come, Detective. Ci troviamo in cima a una collina, ma tutto attorno al tempio c'è un precipizio scosceso. E anche se fosse possibile, l'intera area è circondata da mura piuttosto alte.
 _ _Bakoné-Standard+_ _Uldon-Standard_ _ _ _<i><color=blue>[Uldon aveva ragione. La recinzione sembrava essere difficilmente superabile, persino per me.]</color></i>
 _ _Bakoné-Drinking+_ _Uldon-Standard_ _ _Bakoné_Parliamo invece di lei, ci sono persone con cui ha rapporti particolarmente tesi?
 _ _Bakoné-Drinking_ _Uldon-Standard+_ _ _Uldon_Oh Detective, guardi, qui tutti se la prendono con me. Però se mi sta chiedendo se credo che qualcuno di loro abbia rubato il Cuscino della Dea… No, mi sembra impossibile.
 _ _Bakoné-Standard+_ _Uldon-Standard_ _ _Bakoné_Per quale motivo?
 _ _Bakoné-Standard_ _Uldon-Standard+_ _ _Uldon_Vede, più passa il tempo e più le persone si allontanano dai dettami della Dea… Il numero di fedeli diminuisce giorno dopo giorno. Queste persone non sono credenti, non hanno motivo di rubare il Cuscino!
 _ _Bakoné-Standard_ _Uldon-Standard+_ _ _Uldon_Posso capire che un uomo di fede voglia rubare la nostra reliquia per averlo tutto per sé, o un malavitoso che vuole venderlo sul mercato nero… Oh Santa Dea, tremo solo a pensarci.
 _ _Bakoné-Standard_ _Uldon-Standard+_ _ _Uldon_Ma rubarlo solo per fare un dispetto a me… Mi sembra impossibile, sono persone che non farebbero mai una sciocchezza del genere.
 _ _Bakoné-Standard+_ _Uldon-Standard_ _ _Bakoné_Non mi sta dando molto con cui lavorare, mio caro monaco…
 _ _Bakoné-Standard_ _Uldon-Standard+_ _ _Uldon_Non so cosa dirle, Detective! Più ci penso, più mi sembra impossibile che qualcuno possa averlo rubato da qui dentro.
 _ _Bakoné-Standard_ _Uldon-Standard+_ _ _Uldon_La Dea vede e provvede. È stata lei stessa a riprendersi il suo cuscino, glielo dico io!
 _ _Bakoné-Standard+_ _Uldon-Standard_ _ _Bakoné_Spero proprio lei si sbagli, sarebbe complesso da spiegare al mio capo.
 _ _Bakoné-Standard+_ _Uldon-Standard_ _ _Bakoné_Le dispiace se do un'occhiata al giardino? Vorrei familiarizzare con la scena del crimine.
 _ _Bakoné-Standard_ _Uldon-Standard+_ _ _Uldon_Certo, faccia pure. Questa mattina, dopo aver saputo dell'accaduto, Rhina ha dato ordine di non far entrare nessuno. Dovrebbe essere tutto come nel momento in cui il nostro Cuscino è stato rubato.
